location,area_in_sq_ft,bedrooms,bathrooms,parking_slot,age_of_home,price
Eroor,3341,3,2,2,5,18375500
Marine Drive,2397,1,1,3,3,35955000
Kadavanthra,1091,5,3,0,5,12001000
Vytilla,1173,3,1,2,4,11143500
Kumbalam,3887,5,4,1,1,31096000
Kumbalam,935,3,2,0,1,7480000
Thripunithura,3633,1,1,1,0,25431000
Marine Drive,1063,2,1,0,3,15945000
Kakkanad,1473,2,1,2,4,13257000
Pachalam,1062,4,4,1,11,6372000
Panampilly Nagar,1122,1,1,1,1,14586000
Fort Kochi,1354,1,1,2,2,11509000
Angamaly,1110,1,1,2,0,4440000
Panampilly Nagar,584,1,1,1,18,7592000
Fort Kochi,2295,1,1,1,15,19507500
MG Road,1781,2,1,3,7,21372000
Mattancherry,2290,4,4,2,3,11450000
Pachalam,1798,4,3,1,8,10788000
Kakkanad,3937,5,3,2,1,35433000
Edappally,959,3,1,1,19,9590000
Eroor,891,5,4,0,4,4900500
Kadavanthra,3624,4,2,1,16,39864000
Eroor,3080,5,4,1,5,16940000
Marine Drive,1763,5,5,1,14,26445000
Thevara,1297,1,1,2,6,18158000
Eroor,1872,5,5,3,0,10296000
Kumbalam,3014,4,4,2,15,24112000
Chittoor,2456,5,4,1,3,14244800
Eroor,2205,2,1,3,6,12127500
Fort Kochi,2550,1,1,1,5,21675000
Angamaly,2678,5,4,2,14,10712000
Chittoor,3449,3,3,2,16,20004200
Angamaly,1466,3,1,1,15,5864000
Eroor,1036,4,3,0,20,5698000
Vytilla,3350,5,4,1,0,31825000
Kaloor,3057,4,4,1,7,22927500
Aluva,1853,1,1,2,10,12044500
Pachalam,1648,1,1,2,11,9888000
Panampilly Nagar,3795,2,1,2,16,49335000
Aluva,3881,4,3,3,5,25226500
Eroor,3809,2,1,2,16,20949500
Kakkanad,3878,5,3,1,8,34902000
Perumbavoor,2660,4,4,2,20,11970000
Edappally,2524,2,1,2,8,25240000
Palarivattom,1120,4,2,2,0,8960000
Kaloor,748,5,4,1,3,5610000
Thevara,1008,2,2,2,17,14112000
Angamaly,2466,2,1,1,11,9864000
Marine Drive,2995,1,1,3,9,44925000
Vytilla,2767,3,3,3,8,26286500
Kumbalam,1748,4,2,2,6,13984000
Kumbalam,931,1,1,1,20,7448000
Angamaly,2722,2,1,3,7,10888000
Edappally,3354,1,1,2,1,33540000
Kadavanthra,2638,3,2,2,17,29018000
Kumbalam,1201,1,1,0,7,9608000
Palarivattom,519,4,2,1,5,4152000
Mattancherry,1178,5,5,2,6,5890000
Perumbavoor,2238,4,4,2,12,10071000
Thripunithura,1685,2,1,2,13,11795000
Panampilly Nagar,3676,1,1,3,8,47788000
Thevara,1584,5,4,1,9,22176000
Mattancherry,1671,2,1,1,6,8355000
Thevara,816,1,1,2,10,11424000
Fort Kochi,3321,4,3,2,14,28228500
MG Road,2979,2,1,3,17,35748000
Angamaly,1732,5,3,2,2,6928000
Aluva,3002,1,1,3,9,19513000
Angamaly,2688,1,1,2,5,10752000
Angamaly,2658,3,2,1,8,10632000
Kadavanthra,657,3,2,1,19,7227000
Vytilla,1139,4,3,0,14,10820500
Chittoor,2822,5,3,3,18,16367600
Vytilla,812,1,1,0,13,7714000
Thripunithura,3356,5,3,1,4,23492000
Eroor,2266,3,3,3,20,12463000
Kakkanad,3706,3,2,1,9,33354000
Chittoor,791,1,1,1,13,4587800
Palarivattom,583,3,3,0,20,4664000
Angamaly,3787,1,1,2,14,15148000
Kadavanthra,3540,1,1,3,2,38940000
Thevara,1337,5,3,0,13,18718000
Thevara,2230,4,4,2,14,31220000
Panampilly Nagar,3066,4,3,1,12,39858000
Kadavanthra,1454,4,4,0,15,15994000
Pachalam,2971,4,2,2,5,17826000
Kaloor,3367,1,1,2,20,25252500
Vytilla,3563,2,1,1,18,33848500
Eroor,1902,2,1,3,18,10461000
Vytilla,2446,5,5,3,7,23237000
Edappally,2485,2,2,3,9,24850000
Chittoor,2087,1,1,2,5,12104600
Thevara,3693,4,3,1,2,51702000
Panampilly Nagar,3048,5,5,2,15,39624000
Fort Kochi,2957,3,3,1,10,25134500
Thevara,1591,2,1,2,3,22274000
Vytilla,1793,3,1,2,13,17033500
Vytilla,3572,5,3,1,6,33934000
Kumbalam,1001,2,1,2,7,8008000
Marine Drive,2189,4,4,3,19,32835000
Vytilla,1432,2,1,0,0,13604000
Thevara,3950,1,1,2,8,55300000
Palarivattom,2607,4,4,2,17,20856000
Kadavanthra,2601,5,4,2,12,28611000
Kumbalam,2378,3,3,1,10,19024000
Kakkanad,2741,5,5,3,16,24669000
Mattancherry,2619,1,1,2,18,13095000
Chittoor,760,4,3,1,5,4408000
Fort Kochi,3799,4,3,2,2,32291500
Marine Drive,1549,4,4,3,12,23235000
Panampilly Nagar,633,1,1,0,3,8229000
Edappally,1998,5,5,1,7,19980000
Pachalam,1399,4,2,0,12,8394000
Vytilla,614,4,2,0,6,5833000
Chittoor,3744,2,2,2,0,21715200
Fort Kochi,1435,2,1,2,15,12197500
Vytilla,2566,3,1,2,8,24377000
Edappally,2525,4,3,2,0,25250000
Perumbavoor,1882,3,3,1,9,8469000
Kumbalam,738,5,3,0,13,5904000
Eroor,883,3,3,0,1,4856500
Marine Drive,3095,4,4,3,12,46425000
Kumbalam,540,2,2,0,20,4320000
Fort Kochi,1062,3,1,2,0,9027000
Marine Drive,2126,2,1,2,13,31890000
Perumbavoor,3333,5,5,1,14,14998500
Kadavanthra,2175,1,1,1,16,23925000
Aluva,1061,3,1,2,2,6896500
Eroor,3178,3,1,3,5,17479000
Kadavanthra,3580,4,4,1,19,39380000
Fort Kochi,3236,4,2,1,6,27506000
Palarivattom,3049,1,1,2,17,24392000
Panampilly Nagar,3175,2,1,3,8,41275000
Angamaly,1267,3,2,1,19,5068000
Aluva,1422,3,1,2,18,9243000
Kumbalam,2562,1,1,1,16,20496000
Marine Drive,2190,3,3,2,11,32850000
Palarivattom,2256,4,3,3,12,18048000
Edappally,1844,2,1,1,14,18440000
Vytilla,2504,5,5,3,16,23788000
Angamaly,3246,1,1,3,2,12984000
Thripunithura,903,2,2,0,1,6321000
Kumbalam,951,4,4,0,16,7608000
Chittoor,3005,3,2,3,2,17429000
Aluva,2531,2,1,3,8,16451500
Chittoor,3971,2,1,3,18,23031800
Chittoor,3642,1,1,3,3,21123600
Marine Drive,1592,2,1,1,1,23880000
Thripunithura,3671,2,1,2,12,25697000
Chittoor,2596,1,1,3,19,15056800
Thripunithura,3721,3,1,2,17,26047000
Chittoor,2038,1,1,2,10,11820400
Chittoor,2509,1,1,2,11,14552200
Palarivattom,863,3,3,0,12,6904000
Thripunithura,684,3,2,1,0,4788000
Aluva,1964,2,2,2,6,12766000
Thevara,3650,1,1,3,17,51100000
Kumbalam,1146,5,3,0,13,9168000
Edappally,2328,2,1,3,6,23280000
MG Road,3357,4,2,3,10,40284000
Palarivattom,1411,5,5,1,16,11288000
Chittoor,2290,3,3,2,15,13282000
Kakkanad,1216,3,2,1,20,10944000
Kadavanthra,1939,4,2,3,14,21329000
Chittoor,2295,5,4,1,6,13311000
Fort Kochi,3088,5,4,2,5,26248000
Angamaly,3517,5,5,2,7,14068000
Thevara,3027,2,1,3,2,42378000
Aluva,3826,5,5,2,3,24869000
Vytilla,2393,5,5,3,4,22733500
Kakkanad,537,1,1,0,11,4833000
Panampilly Nagar,3037,2,1,2,11,39481000
Panampilly Nagar,1581,4,2,2,0,20553000
Perumbavoor,941,3,2,1,19,4234500
Kumbalam,3993,2,1,2,17,31944000
Chittoor,2825,2,1,3,15,16385000
Perumbavoor,3597,3,3,3,0,16186500
Thripunithura,2868,3,2,2,9,20076000
Kumbalam,2455,4,4,1,15,19640000
Pachalam,2232,1,1,3,10,13392000
Angamaly,3252,3,3,3,4,13008000
Aluva,1482,2,1,2,15,9633000
Thripunithura,2473,1,1,1,5,17311000
Thevara,2821,2,2,2,15,39494000
Thripunithura,2372,3,3,2,10,16604000
Vytilla,1371,1,1,1,7,13024500
Kumbalam,796,2,2,2,5,6368000
Mattancherry,1592,2,1,2,9,7960000
Fort Kochi,1367,1,1,2,11,11619500
Thripunithura,2202,3,3,1,9,15414000
Eroor,1932,3,1,3,11,10626000
Marine Drive,1900,1,1,3,9,28500000
Marine Drive,1568,3,1,1,20,23520000
Thripunithura,2155,3,1,2,14,15085000
Angamaly,544,3,2,2,13,2176000
Eroor,3813,4,2,2,15,20971500
Thevara,1036,1,1,1,17,14504000
Kakkanad,622,4,3,0,13,5598000
Angamaly,2829,1,1,3,11,11316000
Aluva,1633,3,1,1,4,10614500
Mattancherry,577,2,1,2,18,2885000
Kakkanad,3379,1,1,3,1,30411000
Aluva,2125,4,3,1,10,13812500
Thevara,1245,1,1,0,17,17430000
Palarivattom,976,4,2,0,4,7808000
Palarivattom,2201,3,2,1,16,17608000
Edappally,2796,4,2,1,5,27960000
Chittoor,1807,5,4,2,5,10480600
Panampilly Nagar,1359,1,1,2,12,17667000
Pachalam,2551,3,2,2,4,15306000
Panampilly Nagar,2109,4,4,2,15,27417000
Thevara,636,5,4,0,15,8904000
Kadavanthra,2142,2,1,2,7,23562000
Angamaly,743,4,3,1,0,2972000
Vytilla,2279,4,3,3,5,21650500
Aluva,3065,2,1,2,15,19922500
Perumbavoor,1865,1,1,3,16,8392500
Kakkanad,3820,5,3,3,20,34380000
Angamaly,1204,4,4,0,7,4816000
MG Road,2491,1,1,1,0,29892000
Kakkanad,2182,3,3,1,12,19638000
Palarivattom,2827,1,1,1,7,22616000
Kaloor,3559,1,1,1,16,26692500
Perumbavoor,1593,5,3,3,3,7168500
Aluva,899,2,1,0,15,5843500
Perumbavoor,3126,1,1,1,19,14067000
Vytilla,3873,2,1,3,7,36793500
Kaloor,2695,5,5,1,8,20212500
Kaloor,1838,4,2,1,10,13785000
Kakkanad,3285,4,2,3,19,29565000
Palarivattom,2589,5,5,2,3,20712000
MG Road,2398,3,1,2,11,28776000
Pachalam,1614,1,1,1,8,9684000
Panampilly Nagar,1187,4,2,2,3,15431000
Kumbalam,1509,3,1,1,9,12072000
MG Road,3584,4,4,2,8,43008000
Thripunithura,3694,1,1,3,6,25858000
Pachalam,2759,2,1,2,13,16554000
Chittoor,3749,5,4,2,16,21744200
Marine Drive,3158,1,1,1,17,47370000
Vytilla,1137,2,1,0,17,10801500
Eroor,3806,2,1,2,18,20933000
Vytilla,2238,4,4,1,10,21261000
Fort Kochi,584,3,1,2,1,4964000
MG Road,2717,1,1,2,4,32604000
Marine Drive,2703,4,3,3,7,40545000
Kumbalam,2475,3,2,3,13,19800000
Eroor,3003,1,1,3,15,16516500
Fort Kochi,1110,1,1,1,12,9435000
Fort Kochi,2241,5,5,2,14,19048500
Palarivattom,2086,3,2,3,17,16688000
MG Road,1614,5,4,3,1,19368000
Kaloor,3182,3,1,3,16,23865000
Palarivattom,3863,3,2,3,18,30904000
Eroor,2661,2,1,2,8,14635500
MG Road,1369,1,1,0,4,16428000
Eroor,1058,1,1,2,19,5819000
Vytilla,1415,4,2,2,8,13442500
Angamaly,1417,1,1,0,7,5668000
Edappally,3580,4,2,1,20,35800000
Aluva,2662,2,1,1,7,17303000
MG Road,2808,3,1,2,11,33696000
Perumbavoor,3425,1,1,2,15,15412500
Chittoor,3176,5,5,1,1,18420800
Thripunithura,3989,2,1,1,18,27923000
Angamaly,1714,3,2,1,2,6856000
Edappally,2132,1,1,2,18,21320000
Perumbavoor,3930,5,5,1,9,17685000
Kumbalam,1378,2,1,0,0,11024000
Kaloor,1957,5,3,1,20,14677500
Marine Drive,1679,1,1,2,9,25185000
Panampilly Nagar,2989,1,1,1,12,38857000
Kadavanthra,1348,1,1,0,1,14828000
Mattancherry,1222,2,1,0,4,6110000
Panampilly Nagar,3860,4,3,3,6,50180000
Pachalam,2350,3,2,1,7,14100000
Perumbavoor,689,1,1,2,15,3100500
Pachalam,1052,5,3,0,17,6312000
Thevara,3367,4,2,3,18,47138000
MG Road,3796,1,1,3,16,45552000
Marine Drive,2307,1,1,2,15,34605000
Kakkanad,2094,3,2,1,19,18846000
Vytilla,958,4,3,0,16,9101000
Palarivattom,1457,2,2,1,13,11656000
Aluva,2730,2,1,2,3,17745000
Panampilly Nagar,656,3,1,0,6,8528000
Marine Drive,1729,4,2,2,8,25935000
Thripunithura,1282,3,3,0,6,8974000
Pachalam,2653,1,1,1,15,15918000
Kaloor,1308,4,3,0,4,9810000
Kadavanthra,2763,2,2,1,12,30393000
Kadavanthra,3467,5,4,2,0,38137000
Kaloor,3207,2,2,3,4,24052500
Chittoor,3169,5,5,3,4,18380200
MG Road,597,1,1,0,20,7164000
Vytilla,776,2,1,2,9,7372000
Panampilly Nagar,3515,3,1,1,1,45695000
Kaloor,1263,5,4,0,10,9472500
Panampilly Nagar,3890,1,1,2,7,50570000
Kaloor,1156,3,2,1,14,8670000
Kadavanthra,641,5,3,1,3,7051000
Perumbavoor,988,5,3,1,6,4446000
Pachalam,3661,2,2,3,8,21966000
Kadavanthra,2193,5,4,1,4,24123000
Perumbavoor,3006,4,4,3,2,13527000
Kaloor,1981,3,1,1,13,14857500
Angamaly,1949,4,2,3,9,7796000
Perumbavoor,1155,5,4,2,17,5197500
Mattancherry,544,1,1,2,16,2720000
Vytilla,567,2,1,1,3,5386500
Mattancherry,2000,1,1,2,3,10000000
Thripunithura,1059,4,3,2,16,7413000
Kadavanthra,2580,3,2,1,7,28380000
Chittoor,2181,1,1,2,18,12649800
Eroor,3335,3,2,2,16,18342500
Chittoor,3207,4,2,3,7,18600600
Kumbalam,3821,4,2,1,3,30568000
Panampilly Nagar,2863,1,1,1,19,37219000
Kadavanthra,2875,4,3,3,3,31625000
Aluva,2749,2,1,3,17,17868500
MG Road,2906,3,2,3,14,34872000
Fort Kochi,600,2,2,1,9,5100000
Vytilla,2516,3,3,1,11,23902000
Panampilly Nagar,3671,4,4,3,9,47723000
Angamaly,901,5,5,1,4,3604000
Vytilla,823,5,4,2,19,7818500
Chittoor,676,4,2,0,0,3920800
Edappally,697,2,1,0,5,6970000
Fort Kochi,803,1,1,1,11,6825500
Panampilly Nagar,3469,2,1,1,18,45097000
Marine Drive,1586,2,1,3,5,23790000
Palarivattom,2505,3,1,1,12,20040000
Thevara,3640,3,3,2,20,50960000
Panampilly Nagar,1991,3,1,2,17,25883000
Fort Kochi,2284,5,5,3,3,19414000
Angamaly,2870,5,5,1,9,11480000
Chittoor,3317,1,1,3,0,19238600
Fort Kochi,1101,1,1,1,20,9358500
Fort Kochi,1682,4,2,2,12,14297000
Kadavanthra,2278,4,3,3,19,25058000
Thevara,1772,1,1,2,17,24808000
Kumbalam,2036,3,3,2,20,16288000
Chittoor,1740,4,4,2,3,10092000
MG Road,796,3,2,2,15,9552000
Eroor,3285,4,4,2,18,18067500
Perumbavoor,3328,3,1,3,4,14976000
Panampilly Nagar,895,3,1,1,14,11635000
Thripunithura,2843,1,1,1,10,19901000
Kadavanthra,2502,1,1,3,14,27522000
Eroor,1474,1,1,0,2,8107000
Eroor,1960,5,5,2,6,10780000
Kumbalam,825,2,2,1,9,6600000
Thripunithura,3439,1,1,3,15,24073000
Perumbavoor,2032,4,3,2,4,9144000
Kakkanad,1014,2,1,1,15,9126000
Pachalam,2403,3,2,2,16,14418000
Kaloor,3642,5,4,3,8,27315000
Fort Kochi,2963,4,2,1,13,25185500
Kakkanad,2485,5,4,2,8,22365000
Eroor,3969,2,2,2,10,21829500
Kakkanad,2774,4,2,1,11,24966000
Panampilly Nagar,1363,1,1,1,5,17719000
Panampilly Nagar,1683,3,2,1,19,21879000
Pachalam,597,2,2,1,5,3582000
Chittoor,2069,5,5,1,4,12000200
Fort Kochi,3668,5,4,2,15,31178000
MG Road,2915,1,1,1,6,34980000
Angamaly,2932,5,5,2,11,11728000
Kumbalam,2014,3,1,1,0,16112000
Fort Kochi,811,3,1,2,0,6893500
Panampilly Nagar,2737,2,1,2,8,35581000
Thripunithura,2677,5,4,3,5,18739000
Chittoor,2809,5,4,3,2,16292200
Palarivattom,2588,3,1,2,13,20704000
Edappally,2640,2,1,2,15,26400000
Thripunithura,3336,3,1,1,20,23352000
Panampilly Nagar,2175,1,1,3,10,28275000
Thripunithura,3712,4,3,1,6,25984000
Angamaly,3909,1,1,1,14,15636000
Aluva,2570,3,3,1,14,16705000
Kakkanad,3770,2,1,3,15,33930000
Panampilly Nagar,2254,4,2,2,4,29302000
Kaloor,1598,2,1,3,19,11985000
Panampilly Nagar,2734,1,1,3,2,35542000
Kaloor,3285,4,3,2,2,24637500
Kumbalam,2420,5,3,1,3,19360000
Chittoor,2090,5,3,2,16,12122000
Perumbavoor,2202,3,3,3,8,9909000
Angamaly,1752,4,2,3,2,7008000
Mattancherry,2916,3,1,1,6,14580000
Vytilla,769,2,2,1,12,7305500
Aluva,2839,5,4,2,11,18453500
Panampilly Nagar,2260,3,3,2,10,29380000
Vytilla,1709,5,5,1,9,16235500
Fort Kochi,2198,2,1,1,3,18683000
MG Road,3241,5,5,1,0,38892000
Kaloor,1739,4,4,3,14,13042500
Vytilla,2314,5,5,2,18,21983000
Thevara,3199,2,1,1,6,44786000
Panampilly Nagar,2524,2,2,1,13,32812000
MG Road,1754,1,1,1,9,21048000
Thripunithura,2921,2,1,1,1,20447000
Pachalam,3167,4,4,1,5,19002000
Thripunithura,520,2,1,0,17,3640000
Eroor,3408,3,3,3,7,18744000
Fort Kochi,2781,2,2,1,3,23638500
Eroor,2000,5,4,3,14,11000000
Vytilla,1679,4,4,3,5,15950500
Chittoor,1431,3,2,2,6,8299800
Kaloor,1745,3,1,1,9,13087500
Pachalam,2284,3,2,2,5,13704000
Panampilly Nagar,3569,3,1,1,0,46397000
Angamaly,2650,1,1,2,10,10600000
Mattancherry,3637,5,3,3,17,18185000
Thevara,2668,5,4,2,17,37352000
Edappally,1747,1,1,1,11,17470000
Kakkanad,1383,4,2,1,11,12447000
Palarivattom,3191,3,2,3,12,25528000
Panampilly Nagar,3366,1,1,2,4,43758000
Fort Kochi,1604,2,1,1,11,13634000
Perumbavoor,2397,2,1,3,11,10786500
Palarivattom,1767,5,4,3,10,14136000
Kakkanad,3935,4,3,1,11,35415000
Perumbavoor,731,3,1,2,2,3289500
Pachalam,2933,2,2,1,3,17598000
MG Road,2585,2,2,1,3,31020000
Kadavanthra,3695,2,1,1,10,40645000
Palarivattom,3100,2,1,2,18,24800000
Perumbavoor,3586,1,1,1,8,16137000
Marine Drive,1512,2,1,3,8,22680000
Mattancherry,3959,3,1,2,18,19795000
Palarivattom,1720,5,5,1,7,13760000
Palarivattom,1971,1,1,1,16,15768000
Perumbavoor,1385,3,2,1,11,6232500
Angamaly,3146,5,3,1,9,12584000
Kaloor,3666,5,4,1,13,27495000
Thevara,3085,4,3,3,17,43190000
Palarivattom,2005,1,1,2,11,16040000
Perumbavoor,3492,2,1,3,14,15714000
Kadavanthra,2240,5,5,3,13,24640000
Marine Drive,3451,4,2,1,10,51765000
Palarivattom,2548,3,3,1,16,20384000
Perumbavoor,3200,5,3,3,15,14400000
Pachalam,967,4,4,0,15,5802000
Kadavanthra,2948,4,2,2,9,32428000
Kumbalam,2058,3,1,1,5,16464000
Edappally,2924,4,3,2,15,29240000
Vytilla,3816,2,1,1,20,36252000
Mattancherry,3427,2,2,1,16,17135000
Kaloor,3797,4,3,1,9,28477500
Pachalam,3459,4,2,2,9,20754000
Pachalam,3386,4,3,3,4,20316000
Fort Kochi,1802,3,3,1,8,15317000
Kadavanthra,2760,5,3,2,1,30360000
Kumbalam,505,1,1,0,18,4040000
Mattancherry,3815,5,5,1,12,19075000
Aluva,2081,2,1,3,18,13526500
Thevara,637,1,1,1,18,8918000
Kaloor,2760,5,5,3,9,20700000
Fort Kochi,1760,5,4,1,0,14960000
Perumbavoor,1639,3,3,3,17,7375500
Kakkanad,3448,4,4,2,10,31032000
MG Road,1060,2,2,2,14,12720000
Fort Kochi,1636,5,5,3,0,13906000
Marine Drive,2079,1,1,3,0,31185000
Vytilla,2479,3,2,3,8,23550500
Chittoor,1796,3,2,3,12,10416800
Marine Drive,995,5,3,2,5,14925000
Kaloor,1350,4,4,1,16,10125000
Perumbavoor,3926,3,2,3,10,17667000
Thevara,2005,1,1,3,18,28070000
Mattancherry,2359,4,3,3,11,11795000
Perumbavoor,2037,4,4,2,16,9166500
Kumbalam,2352,4,3,3,18,18816000
Kakkanad,2628,3,2,3,0,23652000
MG Road,1513,3,3,3,19,18156000
Pachalam,1675,2,2,2,1,10050000
MG Road,3687,2,1,2,19,44244000
Kakkanad,2710,4,2,3,1,24390000
Thevara,1691,3,2,3,11,23674000
Kumbalam,1707,5,4,3,5,13656000
MG Road,2763,5,4,3,18,33156000
Marine Drive,2420,4,2,1,14,36300000
Thevara,2105,3,2,1,0,29470000
Palarivattom,1964,1,1,2,11,15712000
MG Road,2823,4,3,3,13,33876000
Thripunithura,1500,3,2,2,8,10500000
Kaloor,3573,5,4,1,9,26797500
Fort Kochi,2083,4,3,1,4,17705500
Palarivattom,3048,3,3,3,14,24384000
Palarivattom,2533,3,2,1,4,20264000
Fort Kochi,1451,4,2,2,8,12333500
Vytilla,775,4,2,0,4,7362500
Angamaly,1896,2,1,2,6,7584000
Kaloor,3300,2,1,1,17,24750000
Angamaly,1704,1,1,1,9,6816000
Edappally,1289,3,1,1,3,12890000
Aluva,2527,5,4,2,11,16425500
Edappally,1509,5,4,2,1,15090000
Kaloor,667,4,2,1,8,5002500
Palarivattom,591,4,4,1,8,4728000
Palarivattom,2360,4,4,2,10,18880000
Panampilly Nagar,1269,4,3,2,12,16497000
Aluva,1188,1,1,0,17,7722000
Mattancherry,3869,3,3,2,9,19345000
Perumbavoor,882,4,3,0,1,3969000
Palarivattom,760,5,3,0,13,6080000
Vytilla,1903,4,4,3,3,18078500
Pachalam,2315,3,2,1,15,13890000
Kadavanthra,1913,5,3,1,4,21043000
MG Road,3735,4,2,1,20,44820000
Eroor,922,5,4,1,16,5071000
Angamaly,2676,1,1,3,11,10704000
Fort Kochi,552,4,2,2,16,4692000
Angamaly,1589,1,1,2,9,6356000
Thripunithura,575,2,1,0,9,4025000
Kakkanad,958,3,3,0,7,8622000
Kaloor,2658,1,1,1,15,19935000
Chittoor,3942,4,4,1,8,22863600
Mattancherry,3732,4,2,2,18,18660000
MG Road,815,2,1,1,17,9780000
Aluva,1244,2,2,2,8,8086000
Eroor,3473,1,1,3,17,19101500
MG Road,2942,1,1,1,4,35304000
Kaloor,1802,4,3,1,2,13515000
Panampilly Nagar,780,2,2,0,11,10140000
Marine Drive,1236,1,1,0,10,18540000
Palarivattom,1288,3,2,0,10,10304000
Kadavanthra,2713,5,5,1,0,29843000
MG Road,3638,3,1,1,11,43656000
Angamaly,2198,3,3,2,13,8792000
Palarivattom,872,5,5,1,13,6976000
Kaloor,3623,4,4,2,14,27172500
Kumbalam,2209,4,3,2,20,17672000
Kaloor,2241,1,1,3,7,16807500
Angamaly,2184,3,3,1,0,8736000
Pachalam,2372,1,1,2,4,14232000
Panampilly Nagar,2443,5,5,2,15,31759000
Eroor,1216,1,1,1,8,6688000
Palarivattom,2628,4,4,2,2,21024000
Mattancherry,3979,2,2,2,19,19895000
MG Road,2327,3,1,1,1,27924000
Kadavanthra,852,3,1,2,16,9372000
Fort Kochi,611,3,3,1,18,5193500
Kumbalam,2298,2,1,1,18,18384000
Pachalam,1795,2,1,1,3,10770000
Aluva,2165,4,4,3,9,14072500
Kakkanad,3254,5,4,3,3,29286000
Thripunithura,3464,4,2,1,14,24248000
MG Road,1546,3,2,2,7,18552000
Kumbalam,1351,1,1,1,18,10808000
Thevara,3692,5,3,2,2,51688000
MG Road,3369,3,2,3,15,40428000
Pachalam,2345,2,2,3,9,14070000
Aluva,1802,3,3,1,15,11713000
Aluva,1746,5,5,1,18,11349000
Marine Drive,1214,4,4,2,20,18210000
Kakkanad,3636,3,2,1,9,32724000
Kaloor,1081,1,1,1,11,8107500
Kaloor,1784,3,2,1,18,13380000
Palarivattom,2516,2,2,3,15,20128000
Vytilla,1528,1,1,3,0,14516000
Angamaly,2742,4,3,2,13,10968000
Fort Kochi,740,4,3,2,0,6290000
Pachalam,937,2,1,0,3,5622000
Edappally,1338,1,1,2,6,13380000
Thripunithura,1213,1,1,1,3,8491000
Mattancherry,725,5,3,2,15,3625000
Mattancherry,2444,3,2,2,19,12220000
Mattancherry,3208,5,4,3,7,16040000
Pachalam,3628,1,1,2,8,21768000
Edappally,772,1,1,0,4,7720000
Palarivattom,3095,3,3,2,16,24760000
Fort Kochi,3330,1,1,3,2,28305000
Chittoor,1948,2,1,2,13,11298400
Kumbalam,2720,2,2,3,8,21760000
Pachalam,3940,2,1,1,6,23640000
Aluva,3081,5,5,1,8,20026500
Thevara,3887,3,1,3,10,54418000
Marine Drive,675,2,1,0,5,10125000
Perumbavoor,2448,5,5,3,11,11016000
Panampilly Nagar,3841,3,1,3,13,49933000
Pachalam,2376,4,2,2,15,14256000
Fort Kochi,1210,2,1,1,9,10285000
Aluva,1029,5,5,0,18,6688500
Aluva,1853,5,5,2,6,12044500
Eroor,3172,2,1,1,12,17446000
Vytilla,2757,1,1,2,0,26191500
Perumbavoor,1261,5,4,0,4,5674500
Vytilla,2731,1,1,3,8,25944500
Angamaly,1669,1,1,3,20,6676000
Eroor,1494,2,2,2,5,8217000
Pachalam,1873,3,3,2,7,11238000
Palarivattom,2403,2,2,2,17,19224000
Chittoor,2046,1,1,2,13,11866800
Palarivattom,959,1,1,2,8,7672000
Mattancherry,1077,5,5,2,10,5385000
Mattancherry,2452,5,3,2,11,12260000
Thevara,3983,3,2,1,14,55762000
Edappally,2094,2,1,2,20,20940000
Kumbalam,2114,4,4,2,5,16912000
Eroor,1787,3,1,1,3,9828500
Kaloor,560,3,2,1,17,4200000
Fort Kochi,666,3,3,1,4,5661000
Kakkanad,1793,1,1,2,19,16137000
Thevara,807,3,1,0,6,11298000
Palarivattom,1587,1,1,1,11,12696000
Aluva,2427,5,4,1,7,15775500
Chittoor,2043,1,1,3,10,11849400
Mattancherry,736,2,1,0,13,3680000
Angamaly,850,4,2,2,18,3400000
Kumbalam,2002,2,2,1,3,16016000
Aluva,1096,4,4,2,5,7124000
Kaloor,3733,2,1,1,8,27997500
Kadavanthra,2237,5,3,1,8,24607000
Chittoor,1518,4,3,3,16,8804400
Kumbalam,1563,4,2,3,20,12504000
Panampilly Nagar,3003,5,4,3,9,39039000
Thevara,2321,3,1,1,8,32494000
Edappally,2067,2,2,1,7,20670000
Palarivattom,1131,4,2,2,19,9048000
Kakkanad,2007,4,4,3,7,18063000
Thripunithura,3300,3,1,2,17,23100000
Mattancherry,2974,4,2,1,13,14870000
Angamaly,3250,1,1,2,2,13000000
Angamaly,2790,5,3,3,8,11160000
MG Road,801,5,3,1,15,9612000
Thripunithura,1239,2,2,1,20,8673000
Palarivattom,3475,2,2,3,17,27800000
Kaloor,2481,1,1,3,2,18607500
Thevara,1011,2,1,1,8,14154000
Fort Kochi,1691,5,3,1,15,14373500
Kadavanthra,3937,1,1,1,10,43307000
Angamaly,2650,4,2,1,1,10600000
Eroor,3131,1,1,1,16,17220500
Kakkanad,3855,4,3,1,14,34695000
Chittoor,2670,4,4,1,10,15486000
Mattancherry,1812,1,1,2,16,9060000
Thripunithura,1409,3,3,0,14,9863000
Kadavanthra,3158,3,2,3,0,34738000
MG Road,3787,1,1,1,14,45444000
MG Road,3106,5,5,3,16,37272000
Perumbavoor,2191,5,4,1,16,9859500
MG Road,3155,1,1,2,10,37860000
Edappally,3325,2,2,2,10,33250000
Mattancherry,3862,5,5,2,4,19310000
Thripunithura,758,5,5,1,7,5306000
Kadavanthra,3926,2,1,1,2,43186000
Palarivattom,1280,4,3,2,16,10240000
Aluva,1310,1,1,2,8,8515000
Kumbalam,2411,5,4,3,20,19288000
Angamaly,2604,5,3,3,9,10416000
Marine Drive,1939,3,3,1,6,29085000
Eroor,2018,4,4,1,17,11099000
Pachalam,2300,4,2,2,9,13800000
Perumbavoor,2366,2,1,1,9,10647000
Thevara,3356,5,4,1,7,46984000
Pachalam,2711,2,2,3,17,16266000
Vytilla,645,2,2,1,2,6127500
Kaloor,1937,2,2,2,11,14527500
Aluva,2012,5,5,1,1,13078000
Kadavanthra,1849,2,2,3,10,20339000
Edappally,2047,5,5,3,14,20470000
Thripunithura,610,3,1,2,14,4270000
Eroor,666,1,1,0,3,3663000
Palarivattom,2923,4,2,1,8,23384000
MG Road,3772,5,4,1,17,45264000
Palarivattom,3708,3,1,1,11,29664000
Panampilly Nagar,904,4,4,1,20,11752000
Panampilly Nagar,2324,1,1,3,16,30212000
Eroor,1330,4,4,1,8,7315000
Marine Drive,2077,4,2,2,10,31155000
Kakkanad,2481,5,4,3,15,22329000
Chittoor,3121,1,1,2,9,18101800
Thripunithura,1926,5,3,2,7,13482000
Eroor,2979,3,2,1,5,16384500
Thevara,2225,1,1,1,20,31150000
Kakkanad,1625,5,5,3,1,14625000
Panampilly Nagar,1489,1,1,1,20,19357000
Mattancherry,548,1,1,2,12,2740000
Kakkanad,1908,3,3,1,0,17172000
Vytilla,1695,1,1,3,0,16102500
Panampilly Nagar,2652,5,3,1,12,34476000
Kakkanad,2165,4,4,3,5,19485000
Kaloor,3991,3,3,3,14,29932500
Mattancherry,2021,2,1,1,5,10105000
Marine Drive,3208,2,1,3,8,48120000
Kumbalam,1172,2,2,2,10,9376000
Panampilly Nagar,2711,2,1,1,14,35243000
Chittoor,3905,1,1,1,20,22649000
Mattancherry,1219,4,3,2,9,6095000
Kaloor,3944,5,3,1,20,29580000
Aluva,2701,2,2,1,18,17556500
Chittoor,2859,5,5,1,1,16582200
Kakkanad,2974,3,2,3,14,26766000
Vytilla,3754,5,4,1,3,35663000
Edappally,2272,5,5,3,6,22720000
Marine Drive,593,1,1,0,11,8895000
Panampilly Nagar,2477,5,3,3,8,32201000
Vytilla,1472,1,1,1,20,13984000
Palarivattom,3590,4,2,1,6,28720000
Palarivattom,3075,4,2,3,6,24600000
Fort Kochi,3076,3,3,1,10,26146000
Aluva,3452,3,2,1,17,22438000
Eroor,780,1,1,2,18,4290000
Thripunithura,1284,4,4,1,7,8988000
Thevara,2388,1,1,2,16,33432000
Marine Drive,676,2,2,2,19,10140000
Kakkanad,3972,3,2,1,20,35748000
Thevara,3277,5,3,3,10,45878000
Pachalam,715,1,1,2,4,4290000
Kumbalam,1567,4,2,3,15,12536000
Palarivattom,3075,5,4,2,11,24600000
Kadavanthra,3384,3,3,1,1,37224000
Palarivattom,3294,1,1,3,16,26352000
Palarivattom,3328,2,1,3,12,26624000
Eroor,3825,4,3,2,4,21037500
Chittoor,1502,5,3,1,6,8711600
Fort Kochi,1889,1,1,2,9,16056500
Palarivattom,1773,4,4,1,20,14184000
Aluva,2230,4,4,1,8,14495000
Kaloor,2086,1,1,1,4,15645000
Vytilla,797,5,4,1,15,7571500
Palarivattom,3390,1,1,1,1,27120000
Kaloor,1302,4,2,0,1,9765000
Perumbavoor,1074,4,3,0,12,4833000
Mattancherry,732,1,1,2,18,3660000
Edappally,3025,4,3,1,12,30250000
Kadavanthra,1647,2,1,3,10,18117000
Perumbavoor,2554,5,5,1,18,11493000
Fort Kochi,564,2,1,0,20,4794000
Kaloor,1619,3,3,2,16,12142500
Kaloor,1143,3,2,0,16,8572500
Panampilly Nagar,3065,3,3,2,0,39845000
Edappally,3734,1,1,2,11,37340000
Thripunithura,638,1,1,0,10,4466000
Kakkanad,2732,5,3,1,16,24588000
Chittoor,3727,2,1,2,18,21616600
Kaloor,1355,3,1,2,16,10162500
Marine Drive,1743,2,1,2,1,26145000
Panampilly Nagar,934,2,2,2,2,12142000
Angamaly,1904,3,1,3,7,7616000
Thripunithura,1947,4,4,3,18,13629000
Eroor,3813,1,1,2,9,20971500
MG Road,2073,1,1,1,6,24876000
Vytilla,2314,3,3,3,4,21983000
Eroor,1592,2,1,1,7,8756000
Thevara,3090,2,1,2,7,43260000
Chittoor,1819,2,1,1,3,10550200
Perumbavoor,2763,3,3,1,17,12433500
Marine Drive,881,1,1,0,11,13215000
Pachalam,3655,1,1,1,14,21930000
Marine Drive,2442,1,1,3,5,36630000
Kumbalam,1370,4,4,2,16,10960000
Chittoor,3953,4,2,1,19,22927400
Mattancherry,2229,2,1,2,9,11145000
Kakkanad,3304,5,3,3,3,29736000
Thevara,3284,5,4,1,14,45976000
Kumbalam,1767,5,4,2,9,14136000
Angamaly,929,4,2,0,16,3716000
Thripunithura,3960,3,3,1,1,27720000
Kaloor,3907,2,1,3,17,29302500
Angamaly,1326,5,4,2,11,5304000
Vytilla,2391,3,3,1,9,22714500
Thevara,3254,2,2,2,1,45556000
Perumbavoor,2409,2,1,2,11,10840500
Kakkanad,873,3,1,2,18,7857000
Kadavanthra,3008,5,4,1,3,33088000
Palarivattom,3315,1,1,3,1,26520000
Aluva,1707,2,1,2,12,11095500
Kadavanthra,3996,1,1,2,9,43956000
Thripunithura,1913,1,1,3,2,13391000
Angamaly,1154,2,1,0,18,4616000
Perumbavoor,3853,1,1,3,11,17338500
Kumbalam,2415,1,1,3,8,19320000
Marine Drive,1663,4,4,2,17,24945000
MG Road,987,1,1,0,6,11844000
Fort Kochi,1558,1,1,3,2,13243000
Edappally,548,4,4,1,12,5480000
Thevara,3262,1,1,1,6,45668000
Vytilla,2510,2,1,3,15,23845000
Perumbavoor,2794,4,4,1,4,12573000
Vytilla,687,3,3,1,2,6526500
Aluva,2964,5,4,3,7,19266000
MG Road,1854,4,3,3,11,22248000
Chittoor,633,2,2,1,11,3671400
Thripunithura,757,4,2,0,9,5299000
Fort Kochi,2721,2,2,2,18,23128500
Pachalam,766,2,2,1,5,4596000
Kakkanad,3602,1,1,3,5,32418000
Palarivattom,1760,5,4,3,7,14080000
Chittoor,1707,5,3,3,7,9900600
Edappally,790,1,1,0,6,7900000
Mattancherry,1493,5,3,2,12,7465000
Aluva,1479,3,3,2,11,9613500
Palarivattom,3653,1,1,2,10,29224000
Angamaly,2148,5,5,1,4,8592000
Edappally,998,5,3,1,19,9980000
Chittoor,2689,2,2,1,10,15596200
Palarivattom,2490,1,1,2,3,19920000
Kumbalam,1226,2,1,1,13,9808000
Fort Kochi,1406,3,3,1,1,11951000
Kakkanad,2465,2,1,3,10,22185000
Kumbalam,3277,3,3,3,10,26216000
Marine Drive,1383,1,1,1,16,20745000
Chittoor,3364,2,2,1,7,19511200
Panampilly Nagar,1206,3,1,0,6,15678000
Perumbavoor,3600,4,2,2,16,16200000
Chittoor,3631,2,1,1,7,21059800
MG Road,2752,1,1,2,8,33024000
Perumbavoor,759,2,1,0,17,3415500
Thripunithura,983,4,4,2,2,6881000
Kaloor,2548,1,1,2,10,19110000
MG Road,2474,2,2,3,2,29688000
Vytilla,1247,2,1,1,18,11846500
Mattancherry,3561,5,5,2,0,17805000
Pachalam,1261,2,1,2,19,7566000
Kadavanthra,3640,5,4,2,20,40040000
Kumbalam,964,1,1,0,19,7712000
Palarivattom,2168,5,3,2,11,17344000
Chittoor,1334,3,3,1,0,7737200
MG Road,2053,2,2,2,5,24636000
Kadavanthra,2205,3,2,2,14,24255000
Edappally,3470,3,3,1,7,34700000
Kadavanthra,1335,1,1,2,2,14685000
Thripunithura,2659,2,1,1,16,18613000
Panampilly Nagar,1855,5,3,1,20,24115000
Edappally,2515,2,2,3,16,25150000
Thripunithura,3229,2,2,2,12,22603000
Kadavanthra,562,4,4,1,13,6182000
Edappally,2726,3,1,3,4,27260000
Thevara,2455,3,2,3,20,34370000
Pachalam,841,5,5,2,19,5046000
Vytilla,718,4,2,1,10,6821000
Thevara,2992,5,5,2,10,41888000
Vytilla,717,5,4,0,13,6811500
Perumbavoor,2724,1,1,1,18,12258000
Chittoor,2598,3,2,3,0,15068400
Perumbavoor,2761,5,5,2,3,12424500
Angamaly,3035,2,1,1,19,12140000
MG Road,3633,1,1,3,12,43596000
MG Road,3615,4,4,3,12,43380000
MG Road,3484,2,1,3,17,41808000
Angamaly,3993,1,1,3,3,15972000
Palarivattom,721,3,3,2,12,5768000
Aluva,3203,2,1,3,7,20819500
Pachalam,509,3,1,1,1,3054000
Eroor,2817,3,1,2,14,15493500
Fort Kochi,2823,5,4,1,5,23995500
Kakkanad,3503,5,5,1,15,31527000
Kaloor,1535,1,1,1,5,11512500
Angamaly,3444,4,2,1,5,13776000
Aluva,1531,1,1,3,14,9951500
Pachalam,3510,3,1,2,20,21060000
Marine Drive,3525,3,2,2,11,52875000
Thripunithura,2203,4,4,2,7,15421000
Kadavanthra,1681,1,1,1,3,18491000
Pachalam,3765,4,3,3,5,22590000
Panampilly Nagar,1063,3,2,1,18,13819000
Edappally,3699,3,3,2,4,36990000
Marine Drive,3752,3,3,1,11,56280000
Kakkanad,1274,1,1,1,0,11466000
Chittoor,2630,3,1,1,5,15254000
Kakkanad,1884,3,1,3,15,16956000
Vytilla,2440,1,1,3,5,23180000
MG Road,1870,3,3,1,0,22440000
Chittoor,2786,3,2,1,14,16158800
Edappally,3410,5,3,2,18,34100000
Thripunithura,3298,3,2,1,2,23086000
Perumbavoor,1132,2,1,2,10,5094000
Palarivattom,1965,1,1,1,17,15720000
Aluva,2746,5,3,1,2,17849000
Thripunithura,1355,2,1,0,8,9485000
Mattancherry,1625,4,2,2,19,8125000
Vytilla,2553,4,3,1,11,24253500
Eroor,1618,2,1,2,3,8899000
Thevara,1618,3,3,2,17,22652000
Vytilla,1984,2,1,1,3,18848000
Vytilla,3414,5,4,1,9,32433000
Pachalam,1170,5,5,1,9,7020000
Panampilly Nagar,3149,1,1,1,6,40937000
Chittoor,3749,5,4,2,10,21744200
Kaloor,2885,5,4,2,9,21637500
Pachalam,2220,5,4,3,18,13320000
MG Road,3755,1,1,1,16,45060000
Edappally,1215,1,1,0,20,12150000
Eroor,3621,3,2,1,11,19915500
Panampilly Nagar,586,2,2,2,1,7618000
Angamaly,3613,1,1,2,0,14452000
Vytilla,1964,3,3,3,8,18658000
MG Road,820,1,1,1,2,9840000
Aluva,3179,3,2,1,0,20663500
Mattancherry,2077,4,3,1,18,10385000
Mattancherry,1269,2,1,0,9,6345000
Mattancherry,2480,5,3,1,4,12400000
Angamaly,3760,2,1,1,10,15040000
Aluva,2294,3,1,2,15,14911000
Mattancherry,3702,4,2,3,7,18510000
Palarivattom,3830,4,2,3,7,30640000
Marine Drive,1124,5,5,1,0,16860000
Vytilla,3736,3,3,1,11,35492000
Kakkanad,3752,5,3,2,11,33768000
Thevara,2960,2,1,1,1,41440000
Aluva,1360,5,5,0,20,8840000
Mattancherry,1440,1,1,1,13,7200000
Kakkanad,2718,3,2,2,14,24462000
Kumbalam,2206,2,1,3,12,17648000
Mattancherry,2515,4,2,3,13,12575000
Perumbavoor,2799,4,2,1,18,12595500
Palarivattom,1509,2,2,3,1,12072000
MG Road,1762,3,1,1,20,21144000
Perumbavoor,1330,4,2,2,13,5985000
MG Road,725,5,4,2,2,8700000
Fort Kochi,1793,2,1,2,5,15240500
Thevara,889,1,1,0,1,12446000
Kumbalam,3978,1,1,3,20,31824000
Chittoor,1817,1,1,1,17,10538600
Palarivattom,3258,1,1,3,4,26064000
MG Road,2066,3,3,3,10,24792000
Panampilly Nagar,1662,5,4,1,6,21606000
Thripunithura,3818,3,1,1,8,26726000
Vytilla,3173,1,1,1,13,30143500
Kakkanad,3951,2,2,3,8,35559000
Chittoor,2686,3,2,1,9,15578800
Kaloor,911,2,1,2,1,6832500
MG Road,1625,2,1,1,19,19500000
Kakkanad,1234,4,4,0,0,11106000
Panampilly Nagar,3335,1,1,1,12,43355000
Pachalam,981,5,3,0,3,5886000
Chittoor,2228,1,1,3,6,12922400
Panampilly Nagar,1638,4,2,2,6,21294000
Thripunithura,989,2,1,1,10,6923000
Chittoor,1599,3,2,3,19,9274200
Angamaly,713,3,2,2,3,2852000
Kakkanad,1785,3,2,1,0,16065000
Aluva,2350,5,4,3,15,15275000
Thevara,1432,4,3,0,18,20048000
Mattancherry,1093,5,3,2,15,5465000
Kakkanad,3653,5,3,1,16,32877000
Palarivattom,1357,3,1,1,0,10856000
Kadavanthra,1473,5,4,2,12,16203000
Chittoor,2746,5,5,1,7,15926800
Thevara,1405,3,1,1,3,19670000
Thevara,3795,3,1,2,19,53130000
Edappally,510,1,1,1,17,5100000
Chittoor,801,4,3,1,17,4645800
Thevara,1459,5,3,0,6,20426000
Panampilly Nagar,686,4,3,2,3,8918000
Angamaly,1187,1,1,0,13,4748000
Kakkanad,2914,1,1,3,5,26226000
Vytilla,1199,4,2,1,6,11390500
Kadavanthra,2268,4,3,1,20,24948000
Thripunithura,3216,4,4,3,0,22512000
Angamaly,3555,1,1,3,0,14220000
Kakkanad,727,2,1,1,15,6543000
Thripunithura,3079,5,4,3,14,21553000
Panampilly Nagar,1923,2,1,3,19,24999000
Edappally,1303,2,1,0,11,13030000
Palarivattom,3560,4,4,1,1,28480000
Pachalam,2994,3,2,1,10,17964000
Perumbavoor,2600,2,1,2,1,11700000
Aluva,1335,5,5,0,5,8677500
Kumbalam,2244,3,3,3,13,17952000
Pachalam,3453,3,2,2,13,20718000
Chittoor,934,1,1,1,12,5417200
Perumbavoor,2585,1,1,2,12,11632500
Kadavanthra,1514,1,1,1,10,16654000
Edappally,3731,2,2,3,14,37310000
Kakkanad,1409,4,4,2,5,12681000
Marine Drive,3770,2,1,3,1,56550000
Chittoor,867,5,4,0,11,5028600
Edappally,3819,3,1,3,3,38190000
Chittoor,1559,5,3,1,1,9042200
Palarivattom,3012,4,4,2,4,24096000
Kaloor,2490,5,5,1,5,18675000
Aluva,2512,1,1,3,2,16328000
Eroor,3372,1,1,3,13,18546000
Pachalam,894,2,1,2,10,5364000
Aluva,2003,3,3,2,12,13019500
Kakkanad,1617,3,2,1,10,14553000
MG Road,662,5,3,2,5,7944000
Kaloor,3538,3,2,3,16,26535000
Palarivattom,3669,1,1,1,6,29352000
Vytilla,2536,4,3,1,20,24092000
Marine Drive,3637,1,1,1,11,54555000
Kaloor,1658,2,1,1,6,12435000
Perumbavoor,899,1,1,1,2,4045500
Thevara,3364,3,2,3,5,47096000
Vytilla,3642,2,1,2,1,34599000
MG Road,3969,3,2,2,14,47628000
Eroor,2527,4,4,3,9,13898500
Marine Drive,2331,3,3,2,19,34965000
Palarivattom,2185,4,4,3,16,17480000
Thripunithura,1495,1,1,2,2,10465000
Kadavanthra,1830,1,1,2,20,20130000
Chittoor,1201,3,3,0,15,6965800
Eroor,3749,3,1,1,19,20619500
Perumbavoor,3411,1,1,2,11,15349500
Marine Drive,1218,1,1,0,7,18270000
Angamaly,724,4,2,0,11,2896000
